{
    "head": {
        "optimistic": {
            "inverse_arithmetic_mean_rank": 6.681339321010125e-06,
            "arithmetic_mean_rank": 149670.59027452808,
            "z_geometric_mean_rank": 748.8358776991508,
            "inverse_harmonic_mean_rank": 0.01702174907914229,
            "z_inverse_harmonic_mean_rank": 14533.143553061236,
            "harmonic_mean_rank": 58.74836923929025,
            "count": 574841.0,
            "adjusted_inverse_harmonic_mean_rank": 0.017014625506238484,
            "median_absolute_deviation": 22083.36004464094,
            "adjusted_geometric_mean_rank_index": 0.9861242765248072,
            "z_arithmetic_mean_rank": 1124.912265260726,
            "variance": 99844318427.46965,
            "adjusted_arithmetic_mean_rank_index": 0.8566124615098225,
            "inverse_geometric_mean_rank": 9.383054420207806e-05,
            "standard_deviation": 315981.51595855993,
            "adjusted_arithmetic_mean_rank": 0.1433883591474293,
            "inverse_median_rank": 6.674676278200507e-05,
            "geometric_mean_rank": 10657.510392845543,
            "median_rank": 14982.0,
            "hits_at_1": 0.010562920877251275,
            "hits_at_3": 0.015840902092926566,
            "hits_at_5": 0.019504523859641187,
            "hits_at_10": 0.026407302193128188,
            "z_hits_at_k": 9146.31841398801,
            "adjusted_hits_at_k": 0.02640263853108848
        },
        "realistic": {
            "inverse_arithmetic_mean_rank": 6.6813336161430925e-06,
            "arithmetic_mean_rank": 149670.71875,
            "z_geometric_mean_rank": 748.8358570762063,
            "inverse_harmonic_mean_rank": 0.017021743580698967,
            "z_inverse_harmonic_mean_rank": 14533.138856499141,
            "harmonic_mean_rank": 58.74838638305664,
            "count": 574841.0,
            "adjusted_inverse_harmonic_mean_rank": 0.017014620007755315,
            "median_absolute_deviation": 22083.361328125,
            "adjusted_geometric_mean_rank_index": 0.9861242493669387,
            "z_arithmetic_mean_rank": 1124.912103626873,
            "variance": 99844415488.0,
            "adjusted_arithmetic_mean_rank_index": 0.8566123384268258,
            "inverse_geometric_mean_rank": 9.383036376675591e-05,
            "standard_deviation": 315981.65625,
            "adjusted_arithmetic_mean_rank": 0.143388482230308,
            "inverse_median_rank": 6.674676114926115e-05,
            "geometric_mean_rank": 10657.53125,
            "median_rank": 14982.0,
            "hits_at_1": 0.010562920877251275,
            "hits_at_3": 0.015840902092926566,
            "hits_at_5": 0.019504523859641187,
            "hits_at_10": 0.026407302193128188,
            "z_hits_at_k": 9146.31841398801,
            "adjusted_hits_at_k": 0.02640263853108848
        },
        "pessimistic": {
            "inverse_arithmetic_mean_rank": 6.681328041150405e-06,
            "arithmetic_mean_rank": 149670.8429583137,
            "z_geometric_mean_rank": 748.8358511930306,
            "inverse_harmonic_mean_rank": 0.01702174272170383,
            "z_inverse_harmonic_mean_rank": 14533.138122778022,
            "harmonic_mean_rank": 58.74839118117646,
            "count": 574841.0,
            "adjusted_inverse_harmonic_mean_rank": 0.017014619148753955,
            "median_absolute_deviation": 22083.36004464094,
            "adjusted_geometric_mean_rank_index": 0.9861242416195236,
            "z_arithmetic_mean_rank": 1124.9119473614942,
            "variance": 99844538455.94781,
            "adjusted_arithmetic_mean_rank_index": 0.8566122194318828,
            "inverse_geometric_mean_rank": 9.383030818799173e-05,
            "standard_deviation": 315981.8641250599,
            "adjusted_arithmetic_mean_rank": 0.143388601225137,
            "inverse_median_rank": 6.674676278200507e-05,
            "geometric_mean_rank": 10657.537199989487,
            "median_rank": 14982.0,
            "hits_at_1": 0.010562920877251275,
            "hits_at_3": 0.015840902092926566,
            "hits_at_5": 0.019504523859641187,
            "hits_at_10": 0.026407302193128188,
            "z_hits_at_k": 9146.31841398801,
            "adjusted_hits_at_k": 0.02640263853108848
        }
    },
    "tail": {
        "optimistic": {
            "inverse_arithmetic_mean_rank": 1.0763460300458135e-05,
            "arithmetic_mean_rank": 92906.92510450716,
            "z_geometric_mean_rank": 755.2863460939843,
            "inverse_harmonic_mean_rank": 0.02099020816783107,
            "z_inverse_harmonic_mean_rank": 17923.534716168568,
            "harmonic_mean_rank": 47.64126167803178,
            "count": 574841.0,
            "adjusted_inverse_harmonic_mean_rank": 0.02098311385920876,
            "median_absolute_deviation": 8382.632943430674,
            "adjusted_geometric_mean_rank_index": 0.9945153737668256,
            "z_arithmetic_mean_rank": 1196.335090952728,
            "variance": 73173154602.16112,
            "adjusted_arithmetic_mean_rank_index": 0.9110003733723899,
            "inverse_geometric_mean_rank": 0.00023733260862512972,
            "standard_deviation": 270505.3688971092,
            "adjusted_arithmetic_mean_rank": 0.0890004993234615,
            "inverse_median_rank": 0.00017507002801120448,
            "geometric_mean_rank": 4213.496012170474,
            "median_rank": 5712.0,
            "hits_at_1": 0.011470998067291651,
            "hits_at_3": 0.01935665688425147,
            "hits_at_5": 0.024578970532721223,
            "hits_at_10": 0.034666977477250234,
            "z_hits_at_k": 12008.080558769358,
            "adjusted_hits_at_k": 0.03466235373290145
        },
        "realistic": {
            "inverse_arithmetic_mean_rank": 1.0763450518425088e-05,
            "arithmetic_mean_rank": 92907.0078125,
            "z_geometric_mean_rank": 755.2863407023908,
            "inverse_harmonic_mean_rank": 0.020990198478102684,
            "z_inverse_harmonic_mean_rank": 17923.52643925396,
            "harmonic_mean_rank": 47.64128494262695,
            "count": 574841.0,
            "adjusted_inverse_harmonic_mean_rank": 0.020983104169410162,
            "median_absolute_deviation": 8382.6328125,
            "adjusted_geometric_mean_rank_index": 0.9945153666675014,
            "z_arithmetic_mean_rank": 1196.3349869064518,
            "variance": 73173221376.0,
            "adjusted_arithmetic_mean_rank_index": 0.911000294141916,
            "inverse_geometric_mean_rank": 0.00023733230773359537,
            "standard_deviation": 270505.5,
            "adjusted_arithmetic_mean_rank": 0.0890005785538596,
            "inverse_median_rank": 0.00017507003212813288,
            "geometric_mean_rank": 4213.50146484375,
            "median_rank": 5712.0,
            "hits_at_1": 0.011470998067291651,
            "hits_at_3": 0.01935665688425147,
            "hits_at_5": 0.024578970532721223,
            "hits_at_10": 0.034666977477250234,
            "z_hits_at_k": 12008.080558769358,
            "adjusted_hits_at_k": 0.03466235373290145
        },
        "pessimistic": {
            "inverse_arithmetic_mean_rank": 1.0763441061712874e-05,
            "arithmetic_mean_rank": 92907.09116781858,
            "z_geometric_mean_rank": 755.2863331246743,
            "inverse_harmonic_mean_rank": 0.020990194630951396,
            "z_inverse_harmonic_mean_rank": 17923.52315303773,
            "harmonic_mean_rank": 47.641292402569505,
            "count": 574841.0,
            "adjusted_inverse_harmonic_mean_rank": 0.020983100322230996,
            "median_absolute_deviation": 8382.632943430674,
            "adjusted_geometric_mean_rank_index": 0.9945153566896228,
            "z_arithmetic_mean_rank": 1196.334882045843,
            "variance": 73173305758.85307,
            "adjusted_arithmetic_mean_rank_index": 0.9110002142913335,
            "inverse_geometric_mean_rank": 0.00023733186983228982,
            "standard_deviation": 270505.64829380746,