{
  "losses": [
    0.7128334794914343,
    0.30894775415410497,
    0.1993055728052008,
    0.14777255478348028,
    0.11856613437655714,
    0.09929729262821042,
    0.08630562837950452,
    0.07632218058646369,
    0.06905083742409121,
    0.06306332266692298
  ],
  "metrics": {
    "both": {
      "optimistic": {
        "adjusted_arithmetic_mean_rank": 0.11619339396801862,
        "adjusted_arithmetic_mean_rank_index": 0.8838074527105154,
        "adjusted_geometric_mean_rank_index": 0.9912761411483044,
        "adjusted_hits_at_k": 0.030532496132749085,
        "adjusted_inverse_harmonic_mean_rank": 0.018998869683235522,
        "arithmetic_mean_rank": 121288.75768951762,
        "count": 1149682.0,
        "geometric_mean_rank": 6701.1474793440975,
        "harmonic_mean_rank": 52.61502287307891,
        "hits_at_1": 0.011016959472271463,
        "hits_at_10": 0.030537139835189207,
        "hits_at_3": 0.01759877948858902,
        "hits_at_5": 0.022041747196181204,
        "inverse_arithmetic_mean_rank": 8.244787225538752e-06,
        "inverse_geometric_mean_rank": 0.00014922817369449675,
        "inverse_harmonic_mean_rank": 0.019005978623486672,
        "inverse_median_rank": 0.00010810810810810811,
        "median_absolute_deviation": 13599.910150351887,
        "median_rank": 9250.0,
        "standard_deviation": 295489.87281411,
        "variance": 87314264935.69893,
        "z_arithmetic_mean_rank": 1641.3716665489064,
        "z_geometric_mean_rank": 1061.4827077096581,
        "z_hits_at_k": 14958.380391707728,
        "z_inverse_harmonic_mean_rank": 22950.291601178345
      },
      "pessimistic": {
        "adjusted_arithmetic_mean_rank": 0.11619359454574463,
        "adjusted_arithmetic_mean_rank_index": 0.8838072521325973,
        "adjusted_geometric_mean_rank_index": 0.9912761165946582,
        "adjusted_hits_at_k": 0.030532496132749085,
        "adjusted_inverse_harmonic_mean_rank": 0.01899885973600438,
        "arithmetic_mean_rank": 121288.96706306613,
        "count": 1149682.0,
        "geometric_mean_rank": 6701.166337174542,
        "harmonic_mean_rank": 52.61505041021791,
        "hits_at_1": 0.011016959472271463,
        "hits_at_10": 0.030537139835189207,
        "hits_at_3": 0.01759877948858902,
        "hits_at_5": 0.022041747196181204,
        "inverse_arithmetic_mean_rank": 8.244772993078869e-06,
        "inverse_geometric_mean_rank": 0.0001492277537497505,
        "inverse_harmonic_mean_rank": 0.019005968676327614,
        "inverse_median_rank": 0.00010810810810810811,
        "median_absolute_deviation": 13599.910150351887,
        "median_rank": 9250.0,
        "standard_deviation": 295490.191016104,
        "variance": 87314452986.73364,
        "z_arithmetic_mean_rank": 1641.3712940436612,
        "z_geometric_mean_rank": 1061.482681417014,
        "z_hits_at_k": 14958.380391707728,
        "z_inverse_harmonic_mean_rank": 22950.279585102697
      },
      "realistic": {
        "adjusted_arithmetic_mean_rank": 0.11619349138167459,
        "adjusted_arithmetic_mean_rank_index": 0.8838073552967661,
        "adjusted_geometric_mean_rank_index": 0.991276126549753,
        "adjusted_hits_at_k": 0.030532496132749085,
        "adjusted_inverse_harmonic_mean_rank": 0.018998867677070586,
        "arithmetic_mean_rank": 121288.859375,
        "count": 1149682.0,
        "geometric_mean_rank": 6701.15869140625,
        "harmonic_mean_rank": 52.615028381347656,
        "hits_at_1": 0.011016959472271463,
        "hits_at_10": 0.030537139835189207,
        "hits_at_3": 0.01759877948858902,
        "hits_at_5": 0.022041747196181204,
        "inverse_arithmetic_mean_rank": 8.244780474342406e-06,
        "inverse_geometric_mean_rank": 0.00014922792615834624,
        "inverse_harmonic_mean_rank": 0.019005976617336273,
        "inverse_median_rank": 0.0001081081063603051,
        "median_absolute_deviation": 13599.91015625,
        "median_rank": 9250.0,
        "standard_deviation": 295490.0625,
        "variance": 87314374656.0,
        "z_arithmetic_mean_rank": 1641.371485636008,
        "z_geometric_mean_rank": 1061.4826920771727,
        "z_hits_at_k": 14958.380391707728,
        "z_inverse_harmonic_mean_rank": 22950.289177767318
      }
    },
    "head": {
      "optimistic": {
        "adjusted_arithmetic_mean_rank": 0.1433883591474293,
        "adjusted_arithmetic_mean_rank_index": 0.8566124615098225,
        "adjusted_geometric_mean_rank_index": 0.9861242765248072,
        "adjusted_hits_at_k": 0.02640263853108848,
        "adjusted_inverse_harmonic_mean_rank": 0.017014625506238484,
        "arithmetic_mean_rank": 149670.59027452808,
        "count": 574841.0,
        "geometric_mean_rank": 10657.510392845543,
        "harmonic_mean_rank": 58.74836923929025,
        "hits_at_1": 0.010562920877251275,
        "hits_at_10": 0.026407302193128188,
        "hits_at_3": 0.015840902092926566,
        "hits_at_5": 0.019504523859641187,
        "inverse_arithmetic_mean_rank": 6.681339321010125e-06,
        "inverse_geometric_mean_rank": 9.383054420207806e-05,
        "inverse_harmonic_mean_rank": 0.01702174907914229,
        "inverse_median_rank": 6.674676278200507e-05,
        "median_absolute_deviation": 22083.36004464094,
        "median_rank": 14982.0,
        "standard_deviation": 315981.51595855993,
        "variance": 99844318427.46965,
        "z_arithmetic_mean_rank": 1124.912265260726,
        "z_geometric_mean_rank": 748.8358776991508,
        "z_hits_at_k": 9146.31841398801,
        "z_inverse_harmonic_mean_rank": 14533.143553061236
      },
      "pessimistic": {
        "adjusted_arithmetic_mean_rank": 0.143388601225137,
        "adjusted_arithmetic_mean_rank_index": 0.8566122194318828,
        "adjusted_geometric_mean_rank_index": 0.9861242416195236,
        "adjusted_hits_at_k": 0.02640263853108848,
        "adjusted_inverse_harmonic_mean_rank": 0.017014619148753955,
        "arithmetic_mean_rank": 149670.8429583137,
        "count": 574841.0,
        "geometric_mean_rank": 10657.537199989487,
        "harmonic_mean_rank": 58.74839118117646,
        "hits_at_1": 0.010562920877251275,
        "hits_at_10": 0.026407302193128188,
        "hits_at_3": 0.015840902092926566,
        "hits_at_5": 0.019504523859641187,
        "inverse_arithmetic_mean_rank": 6.681328041150405e-06,
        "inverse_geometric_mean_rank": 9.383030818799173e-05,
        "inverse_harmonic_mean_rank": 0.01702174272170383,
        "inverse_median_rank": 6.674676278200507e-05,
        "median_absolute_deviation": 22083.36004464094,
        "median_rank": 14982.0,
        "standard_deviation": 315981.8641250599,
        "variance": 99844538455.94781,
        "z_arithmetic_mean_rank": 1124.9119473614942,
        "z_geometric_mean_rank": 748.8358511930306,
        "z_hits_at_k": 9146.31841398801,
        "z_inverse_harmonic_mean_rank": 14533.138122778022
      },
      "realistic": {
        "adjusted_arithmetic_mean_rank": 0.143388482230308,
        "adjusted_arithmetic_mean_rank_index": 0.8566123384268258,
        "adjusted_geometric_mean_rank_index": 0.9861242493669387,
        "adjusted_hits_at_k": 0.02640263853108848,
        "adjusted_inverse_harmonic_mean_rank": 0.017014620007755315,
        "arithmetic_mean_rank": 149670.71875,
        "count": 574841.0,
        "geometric_mean_rank": 10657.53125,
        "harmonic_mean_rank": 58.74838638305664,
        "hits_at_1": 0.010562920877251275,
        "hits_at_10": 0.026407302193128188,
        "hits_at_3": 0.015840902092926566,
        "hits_at_5": 0.019504523859641187,
        "inverse_arithmetic_mean_rank": 6.6813336161430925e-06,
        "inverse_geometric_mean_rank": 9.383036376675591e-05,
        "inverse_harmonic_mean_rank": 0.017021743580698967,
        "inverse_median_rank": 6.674676114926115e-05,
        "median_absolute_deviation": 22083.361328125,
        "median_rank": 14982.0,
        "standard_deviation": 315981.65625,
        "variance": 99844415488.0,